{"total_calories_MAE": 140.8817918623415, "total_calories_MAE_%": 55.8970010543614, "total_mass_MAE": 82.50482769436306, "total_mass_MAE_%": 43.62291538232788, "total_fat_MAE": 9.930778433640283, "total_fat_MAE_%": 72.99752717797925, "total_carb_MAE": 11.19253248493866, "total_carb_MAE_%": 58.48043304505411, "total_protein_MAE": 10.541554349304764, "total_protein_MAE_%": 67.13612919096049}