{"total_calories_MAE": 120.43112845569553, "total_calories_MAE_%": 47.782888230465346, "total_mass_MAE": 67.97309223104406, "total_mass_MAE_%": 35.93952661357528, "total_fat_MAE": 9.172117584897928, "total_fat_MAE_%": 67.42088821709586, "total_carb_MAE": 9.844255257012895, "total_carb_MAE_%": 51.435750685634005, "total_protein_MAE": 9.189795741715006, "total_protein_MAE_%": 58.52716721941554}