{"total_calories_MAE": 117.37802151662336, "total_calories_MAE_%": 46.5715214559772, "total_mass_MAE": 66.82834429617282, "total_mass_MAE_%": 35.33426212551436, "total_fat_MAE": 9.022379538703982, "total_fat_MAE_%": 66.32021849924242, "total_carb_MAE": 9.801643972486236, "total_carb_MAE_%": 51.21310881480822, "total_protein_MAE": 8.918583848979981, "total_protein_MAE_%": 56.79989664190489}